Stock,Company,,AGN
A,Agilent Technologies Inc,,BFB
AAL,American Airlines Group Inc,,BRKB
AAP,Advance Auto Parts Inc,,CARR
AAPL,Apple Inc,,CTVA
ABBV,AbbVie Inc,,DOW
ABC,AmerisourceBergen Corporation,,FOX
ABMD,ABIOMED Inc,,FOXA
ABT,Abbott Laboratories,,FTV
ACN,Accenture Plc,,HWM
ADBE,Adobe Inc,,IR
ADI,Analog Devices Inc,,LW
ADM,Archer-Daniels-Midland Company,,OTIS
ADP,Automatic Data Processing Inc,,TT
ADS,Alliance Data Systems Corporation,,VIAC
ADSK,Autodesk Inc,,
AEE,Ameren Corporation,,
AEP,American Electric Power Company Inc,,
AES,AES Corporation,,
AFL,Aflac Incorporated,,
AIG,American International Group Inc,,
AIV,Apartment Investment & Management Co,,
AIZ,Assurant Inc,,
AJG,Arthur J Gallagher & Co,,
AKAM,Akamai Technologies Inc,,
ALB,Albemarle Corporation,,
ALGN,Align Technology Inc,,
ALK,Alaska Air Group Inc,,
ALL,Allstate Corporation,,
ALLE,Allegion PLC,,
ALXN,Alexion Pharmaceuticals Inc,,
AMAT,Applied Materials Inc,,
AMCR,Amcor PLC,,
AMD,Advanced Micro Devices Inc,,
AME,AMETEK Inc,,
AMGN,Amgen Inc,,
AMP,Ameriprise Financial Inc,,
AMT,American Tower Corporation,,
AMZN,Amazoncom Inc,,
ANET,Arista Networks Inc,,
ANSS,ANSYS Inc,,
ANTM,Anthem Inc,,
AON,Aon Plc,,
AOS,A O Smith Corporation,,
APA,Apache Corporation,,
APD,Air Products and Chemicals Inc,,
APH,Amphenol Corporation,,
APTV,Aptiv PLC,,
ARE,Alexandria Real Estate Equities Inc,,
ATO,Atmos Energy Corporation,,
ATVI,Activision Blizzard Inc,,
AVB,AvalonBay Communities Inc,,
AVGO,Broadcom Inc,,
AVY,Avery Dennison Corporation,,
AWK,American Water Works Company Inc,,
AXP,American Express Company,,
AZO,AutoZone Inc,,
BA,Boeing Company,,
BAC,Bank of America Corp,,
BAX,Baxter International Inc,,
BBY,Best Buy Co Inc,,
BDX,Becton Dickinson and Company,,
BEN,Franklin Resources Inc,,
BIIB,Biogen Inc,,
BK,Bank of New York Mellon Corporation,,
BKNG,Booking Holdings Inc,,
BKR,Baker Hughes Company,,
BLK,BlackRock Inc,,
BLL,Ball Corporation,,
BMY,Bristol-Myers Squibb Company,,
BR,Broadridge Financial Solutions Inc,,
BWA,BorgWarner Inc,,
BXP,Boston Properties Inc,,
C,Citigroup Inc,,
CAG,Conagra Brands Inc,,
CAH,Cardinal Health Inc,,
CAT,Caterpillar Inc,,
CBOE,Cboe Global Markets Inc,,
CBRE,CBRE Group Inc,,
CCI,Crown Castle International Corp,,
CCL,Carnival Corporation,,
CDNS,Cadence Design Systems Inc,,
CDW,CDW Corp,,
CE,Celanese Corporation,,
CERN,Cerner Corporation,,
CF,CF Industries Holdings Inc,,
CFG,Citizens Financial Group Inc,,
CHD,Church & Dwight Co Inc,,
CHRW,CH Robinson Worldwide Inc,,
CHTR,Charter Communications Inc,,
CI,Cigna Corporation,,
CINF,Cincinnati Financial Corporation,,
CL,Colgate-Palmolive Company,,
CLX,Clorox Company,,
CMA,Comerica Incorporated,,
CMCSA,Comcast Corporation,,
CME,CME Group Inc,,
CMG,Chipotle Mexican Grill Inc,,
CMI,Cummins Inc,,
CMS,CMS Energy Corporation,,
CNC,Centene Corporation,,
CNP,CenterPoint Energy Inc,,
COF,Capital One Financial Corporation,,
COG,Cabot Oil & Gas Corporation,,
COO,Cooper Companies Inc,,
COP,ConocoPhillips,,
COST,Costco Wholesale Corporation,,
COTY,Coty Inc,,
CPB,Campbell Soup Company,,
CPRI,Capri Holdings Limited,,
CPRT,Copart Inc,,
CRM,salesforcecom inc,,
CSCO,Cisco Systems Inc,,
CSX,CSX Corporation,,
CTAS,Cintas Corporation,,
CTL,CenturyLink Inc,,
CTSH,Cognizant Technology Solutions Corporation,,
CTXS,Citrix Systems Inc,,
CVS,CVS Health Corporation,,
CXO,Concho Resources Inc,,
D,Dominion Energy Inc,,
DAL,Delta Air Lines Inc,,
DD,DuPont de Nemours Inc,,
DE,Deere & Company,,
DFS,Discover Financial Services,,
DG,Dollar General Corporation,,
DGX,Quest Diagnostics Incorporated,,
DHI,DR Horton Inc,,
DHR,Danaher Corporation,,
DIS,Walt Disney Company,,
DISCA,Discovery Inc,,
DISCK,Discovery Inc,,
DISH,DISH Network Corporation,,
DLR,Digital Realty Trust Inc,,
DLTR,Dollar Tree Inc,,
DOV,Dover Corporation,,
DRE,Duke Realty Corporation,,
DRI,Darden Restaurants Inc,,
DTE,DTE Energy Company,,
DUK,Duke Energy Corporation,,
DVA,DaVita Inc,,
DVN,Devon Energy Corporation,,
DXC,DXC Technology Co,,
EA,Electronic Arts Inc,,
EBAY,eBay Inc,,
ECL,Ecolab Inc,,
ED,Consolidated Edison Inc,,
EFX,Equifax Inc,,
EIX,Edison International,,
EL,Estee Lauder Companies Inc,,
EMN,Eastman Chemical Company,,
EMR,Emerson Electric Co,,
EOG,EOG Resources Inc,,
EQIX,Equinix Inc,,
EQR,Equity Residential,,
ES,Eversource Energy,,
ESS,Essex Property Trust Inc,,
ETFC,E TRADE Financial Corporation,,
ETN,Eaton Corp Plc,,
ETR,Entergy Corporation,,
EVRG,Evergy Inc,,
EW,Edwards Lifesciences Corporation,,
EXC,Exelon Corporation,,
EXPD,Expeditors International of Washington Inc,,
EXPE,Expedia Group Inc,,
EXR,Extra Space Storage Inc,,
F,Ford Motor Company,,
FANG,Diamondback Energy Inc,,
FAST,Fastenal Company,,
FB,Facebook Inc,,
FBHS,Fortune Brands Home & Security Inc,,
FCX,Freeport-McMoRan Inc,,
FDX,FedEx Corporation,,
FE,FirstEnergy Corp,,
FFIV,F5 Networks Inc,,
FIS,Fidelity National Information Services Inc,,
FISV,Fiserv Inc,,
FITB,Fifth Third Bancorp,,
FLIR,FLIR Systems Inc,,
FLS,Flowserve Corporation,,
FLT,FleetCor Technologies Inc,,
FMC,FMC Corporation,,
FRC,First Republic Bank,,
FRT,Federal Realty Investment Trust,,
FTI,TechnipFMC Plc,,
FTNT,Fortinet Inc,,
GD,General Dynamics Corporation,,
GE,General Electric Company,,
GILD,Gilead Sciences Inc,,
GIS,General Mills Inc,,
GL,Globe Life Inc,,
GLW,Corning Inc,,
GM,General Motors Company,,
GOOG,Alphabet Inc,,
GOOGL,Alphabet Inc,,
GPC,Genuine Parts Company,,
GPN,Global Payments Inc,,
GPS,Gap Inc,,
GRMN,Garmin Ltd,,
GS,Goldman Sachs Group Inc,,
GWW,WW Grainger Inc,,
HAL,Halliburton Company,,
HAS,Hasbro Inc,,
HBAN,Huntington Bancshares Incorporated,,
HBI,Hanesbrands Inc,,
HCA,HCA Healthcare Inc,,
HD,Home Depot Inc,,
HES,Hess Corporation,,
HFC,HollyFrontier Corporation,,
HIG,Hartford Financial Services Group Inc,,
HII,Huntington Ingalls Industries Inc,,
HLT,Hilton Worldwide Holdings Inc,,
HOG,Harley-Davidson Inc,,
HOLX,Hologic Inc,,
HON,Honeywell International Inc,,
HP,Helmerich & Payne Inc,,
HPE,Hewlett Packard Enterprise Co,,
HPQ,HP Inc,,
HRB,H&R Block Inc,,
HRL,Hormel Foods Corporation,,
HSIC,Henry Schein Inc,,
HST,Host Hotels & Resorts Inc,,
HSY,Hershey Company,,
HUM,Humana Inc,,
IBM,International Business Machines Corporation,,
ICE,Intercontinental Exchange Inc,,
IDXX,IDEXX Laboratories Inc,,
IEX,IDEX Corporation,,
IFF,International Flavors & Fragrances Inc,,
ILMN,Illumina Inc,,
INCY,Incyte Corporation,,
INFO,IHS Markit Ltd,,
INTC,Intel Corporation,,
INTU,Intuit Inc,,
IP,International Paper Company,,
IPG,Interpublic Group of Companies Inc,,
IPGP,IPG Photonics Corporation,,
IQV,IQVIA Holdings Inc,,
IRM,Iron Mountain Inc,,
ISRG,Intuitive Surgical Inc,,
IT,Gartner Inc,,
ITW,Illinois Tool Works Inc,,
IVZ,Invesco Ltd,,
J,Jacobs Engineering Group Inc,,
JBHT,JB Hunt Transport Services Inc,,
JCI,Johnson Controls International plc,,
JKHY,Jack Henry & Associates Inc,,
JNJ,Johnson & Johnson,,
JNPR,Juniper Networks Inc,,
JPM,JPMorgan Chase & Co,,
JWN,Nordstrom Inc,,
K,Kellogg Company,,
KEY,KeyCorp,,
KEYS,Keysight Technologies Inc,,
KHC,Kraft Heinz Company,,
KIM,Kimco Realty Corporation,,
KLAC,KLA Corporation,,
KMB,Kimberly-Clark Corporation,,
KMI,Kinder Morgan Inc,,
KMX,CarMax Inc,,
KO,Coca-Cola Company,,
KR,Kroger Co,,
KSS,Kohl's Corporation,,
KSU,Kansas City Southern,,
L,Loews Corporation,,
LB,L Brands Inc,,
LDOS,Leidos Holdings Inc,,
LEG,Leggett & Platt Incorporated,,
LEN,Lennar Corporation,,
LH,Laboratory Corporation of America Holdings,,
LHX,L3Harris Technologies Inc,,
LIN,Linde plc,,
LKQ,LKQ Corporation,,
LLY,Eli Lilly and Company,,
LMT,Lockheed Martin Corporation,,
LNC,Lincoln National Corporation,,
LNT,Alliant Energy Corp,,
LOW,Lowe's Companies Inc,,
LRCX,Lam Research Corporation,,
LUV,Southwest Airlines Co,,
LVS,Las Vegas Sands Corp,,
LYB,LyondellBasell Industries NV,,
LYV,Live Nation Entertainment Inc,,
MA,Mastercard Incorporated,,
MAA,Mid-America Apartment Communities Inc,,
MAR,Marriott International Inc,,
MAS,Masco Corporation,,
MCD,McDonald's Corporation,,
MCHP,Microchip Technology Incorporated,,
MCK,McKesson Corporation,,
MCO,Moody's Corporation,,
MDLZ,Mondelez International Inc,,
MDT,Medtronic Plc,,
MET,MetLife Inc,,
MGM,MGM Resorts International,,
MHK,Mohawk Industries Inc,,
MKC,McCormick & Company Incorporated,,
MKTX,MarketAxess Holdings Inc,,
MLM,Martin Marietta Materials Inc,,
MMC,Marsh & McLennan Companies Inc,,
MMM,3M Company,,
MNST,Monster Beverage Corporation,,
MO,Altria Group Inc,,
MOS,Mosaic Company,,
MPC,Marathon Petroleum Corporation,,
MRK,Merck & Co Inc,,
MRO,Marathon Oil Corporation,,
MS,Morgan Stanley,,
MSCI,MSCI Inc,,
MSFT,Microsoft Corporation,,
MSI,Motorola Solutions Inc,,
MTB,M&T Bank Corporation,,
MTD,Mettler-Toledo International Inc,,
MU,Micron Technology Inc,,
MXIM,Maxim Integrated Products Inc,,
MYL,Mylan NV,,
NBL,Noble Energy Inc,,
NCLH,Norwegian Cruise Line Holdings Ltd,,
NDAQ,Nasdaq Inc,,
NEE,NextEra Energy Inc,,
NEM,Newmont Corporation,,
NFLX,Netflix Inc,,
NI,NiSource Inc,,
NKE,NIKE Inc,,
NLOK,NortonLifeLock Inc,,
NLSN,Nielsen Holdings Plc,,
NOC,Northrop Grumman Corporation,,
NOV,National Oilwell Varco Inc,,
NOW,ServiceNow Inc,,
NRG,NRG Energy Inc,,
NSC,Norfolk Southern Corporation,,
NTAP,NetApp Inc,,
NTRS,Northern Trust Corporation,,
NUE,Nucor Corporation,,
NVDA,NVIDIA Corporation,,
NVR,NVR Inc,,
NWL,Newell Brands Inc,,
NWS,News Corporation,,
NWSA,News Corporation,,
O,Realty Income Corporation,,
ODFL,Old Dominion Freight Line Inc,,
OKE,ONEOK Inc,,
OMC,Omnicom Group Inc,,
ORCL,Oracle Corporation,,
ORLY,O'Reilly Automotive Inc,,
OXY,Occidental Petroleum Corporation,,
PAYC,Paycom Software Inc,,
PAYX,Paychex Inc,,
PBCT,People's United Financial Inc,,
PCAR,PACCAR Inc,,
PEAK,Healthpeak Properties Inc,,
PEG,Public Service Enterprise Group Inc,,
PEP,PepsiCo Inc,,
PFE,Pfizer Inc,,
PFG,Principal Financial Group Inc,,
PG,Procter & Gamble Company,,
PGR,Progressive Corporation,,
PH,Parker-Hannifin Corporation,,
PHM,PulteGroup Inc,,
PKG,Packaging Corporation of America,,
PKI,PerkinElmer Inc,,
PLD,Prologis Inc,,
PM,Philip Morris International Inc,,
PNC,PNC Financial Services Group Inc,,
PNR,Pentair plc,,
PNW,Pinnacle West Capital Corporation,,
PPG,PPG Industries Inc,,
PPL,PPL Corporation,,
PRGO,Perrigo Co Plc,,
PRU,Prudential Financial Inc,,
PSA,Public Storage,,
PSX,Phillips 66,,
PVH,PVH Corp,,
PWR,Quanta Services Inc,,
PXD,Pioneer Natural Resources Company,,
PYPL,PayPal Holdings Inc,,
QCOM,QUALCOMM Incorporated,,
QRVO,Qorvo Inc,,
RCL,Royal Caribbean Cruises Ltd,,
RE,Everest Re Group Ltd,,
REG,Regency Centers Corporation,,
REGN,Regeneron Pharmaceuticals Inc,,
RF,Regions Financial Corporation,,
RHI,Robert Half International Inc,,
RJF,Raymond James Financial Inc,,
RL,Ralph Lauren Corporation,,
RMD,ResMed Inc,,
ROK,Rockwell Automation Inc,,
ROL,Rollins Inc,,
ROP,Roper Technologies Inc,,
ROST,Ross Stores Inc,,
RSG,Republic Services Inc,,
RTX,Raytheon Technologies Corporation,,
SBAC,SBA Communications Corp,,
SBUX,Starbucks Corporation,,
SCHW,Charles Schwab Corporation,,
SEE,Sealed Air Corporation,,
SHW,Sherwin-Williams Company,,
SIVB,SVB Financial Group,,
SJM,JM Smucker Company,,
SLB,Schlumberger NV,,
SLG,SL Green Realty Corp,,
SNA,Snap-on Incorporated,,
SNPS,Synopsys Inc,,
SO,Southern Company,,
SPG,Simon Property Group Inc,,
SPGI,S&P Global Inc,,
SRE,Sempra Energy,,
STE,STERIS Plc,,
STT,State Street Corporation,,
STX,Seagate Technology PLC,,
STZ,Constellation Brands Inc,,
SWK,Stanley Black & Decker Inc,,
SWKS,Skyworks Solutions Inc,,
SYF,Synchrony Financial,,
SYK,Stryker Corporation,,
SYY,Sysco Corporation,,
T,AT&T Inc,,
TAP,Molson Coors Beverage Company,,
TDG,TransDigm Group Incorporated,,
TEL,TE Connectivity Ltd,,
TFC,Truist Financial Corporation,,
TFX,Teleflex Incorporated,,
TGT,Target Corporation,,
TIF,Tiffany & Co,,
TJX,TJX Companies Inc,,
TMO,Thermo Fisher Scientific Inc,,
TMUS,T-Mobile US Inc,,
TPR,Tapestry Inc,,
TROW,T Rowe Price Group,,
TRV,Travelers Companies Inc,,
TSCO,Tractor Supply Company,,
TSLA,Tesla Inc,,
TSN,Tyson Foods Inc,,
TTWO,Take-Two Interactive Software Inc,,
TWTR,Twitter Inc,,
TXN,Texas Instruments Incorporated,,
TXT,Textron Inc,,
UA,Under Armour Inc,,
UAA,Under Armour Inc,,
UAL,United Airlines Holdings Inc,,
UDR,UDR Inc,,
UHS,Universal Health Services Inc,,
ULTA,Ulta Beauty Inc,,
UNH,UnitedHealth Group Incorporated,,
UNM,Unum Group,,
UNP,Union Pacific Corporation,,
UPS,United Parcel Service Inc,,
URI,United Rentals Inc,,
USB,US Bancorp,,
V,Visa Inc,,
VAR,Varian Medical Systems Inc,,
VFC,VF Corporation,,
VLO,Valero Energy Corporation,,
VMC,Vulcan Materials Company,,
VNO,Vornado Realty Trust,,
VRSK,Verisk Analytics Inc,,
VRSN,VeriSign Inc,,
VRTX,Vertex Pharmaceuticals Incorporated,,
VTR,Ventas Inc,,
VZ,Verizon Communications Inc,,
WAB,Westinghouse Air Brake Technologies Corporation,,
WAT,Waters Corporation,,
WBA,Walgreens Boots Alliance Inc,,
WDC,Western Digital Corporation,,
WEC,WEC Energy Group Inc,,
WELL,Welltower Inc,,
WFC,Wells Fargo & Company,,
WHR,Whirlpool Corporation,,
WLTW,Willis Towers Watson Public Limited Company,,
WM,Waste Management Inc,,
WMB,Williams Companies Inc,,
WMT,Walmart Inc,,
WRB,W R Berkley Corporation,,
WRK,WestRock Company,,
WU,Western Union Company,,
WY,Weyerhaeuser Company,,
WYNN,Wynn Resorts Limited,,
XEL,Xcel Energy Inc,,
XLNX,Xilinx Inc,,
XOM,Exxon Mobil Corporation,,
XRAY,DENTSPLY SIRONA Inc,,
XRX,Xerox Holdings Corporation,,
XYL,Xylem Inc,,
YUM,Yum! Brands Inc,,
ZBH,Zimmer Biomet Holdings Inc,,
ZBRA,Zebra Technologies Corporation,,
ZION,Zions Bancorporation NA,,
ZTS,Zoetis Inc,,
